login,name,company,location,email,hireable,bio,public_repos,followers,following,created_at
nicknochnack,,,,,False,,0,0,0,
brendangregg,,,,,False,,0,0,0,
cornflourblue,,,,,False,,0,0,0,
0vm,,,,,False,,0,0,0,
davecheney,,,,,False,,0,0,0,
JedWatson,,,,,False,,0,0,0,
dragen1860,,,,,False,,0,0,0,
thombergs,,,,,False,,0,0,0,
DmitryBaranovskiy,,,,,False,,0,0,0,
redguardtoo,,,,,False,,0,0,0,
sanjay-kv,,,,,False,,0,0,0,
Canva,,,,,False,,0,0,0,
orhanobut,,,,,False,,0,0,0,
tonybaloney,,,,,False,,0,0,0,
dmytrodanylyk,,,,,False,,0,0,0,
MaryamAustralia,,,,,False,,0,0,0,
haskellcamargo,,,,,False,,0,0,0,
jpillora,,,,,False,,0,0,0,
adg,,,,,False,,0,0,0,
SamSaffron,,,,,False,,0,0,0,
alecthomas,,,,,False,,0,0,0,
johndpope,,,,,False,,0,0,0,
djnavarro,,,,,False,,0,0,0,
JayZeeDesign,,,,,False,,0,0,0,
tamim,,,,,False,,0,0,0,
dformoso,,,,,False,,0,0,0,
domesticmouse,,,,,False,,0,0,0,
hugobowne,,,,,False,,0,0,0,
stevemao,,,,,False,,0,0,0,
kaloraat,,,,,False,,0,0,0,
iann0036,,,,,False,,0,0,0,
aussieBIMguru,,,,,False,,0,0,0,
cironunes,,,,,False,,0,0,0,
matthewpalmer,,,,,False,,0,0,0,
unruledboy,,,,,False,,0,0,0,
torifat,,,,,False,,0,0,0,
ndleah,,,,,False,,0,0,0,
MaikuB,,,,,False,,0,0,0,
bokkypoobah,,,,,False,,0,0,0,
dsymonds,,,,,False,,0,0,0,
aaronpowell,,,,,False,,0,0,0,
huonw,,,,,False,,0,0,0,
eudoxia0,,,,,False,,0,0,0,
theKashey,,,,,False,,0,0,0,
geshan,,,,,False,,0,0,0,
samthor,,,,,False,,0,0,0,
GrahamDumpleton,,,,,False,,0,0,0,
upsuper,,,,,False,,0,0,0,
datawithdanny,,,,,False,,0,0,0,
pixegami,,,,,False,,0,0,0,
sampotts,,,,,False,,0,0,0,
Raathigesh,,,,,False,,0,0,0,
SaitoWu,,,,,False,,0,0,0,
futureshocked,,,,,False,,0,0,0,
abdulla,,,,,False,,0,0,0,
boyter,,,,,False,,0,0,0,
thomaseizinger,,,,,False,,0,0,0,
TakuSemba,,,,,False,,0,0,0,
davidgilbertson,,,,,False,,0,0,0,
pksjce,,,,,False,,0,0,0,
leaanthony,,,,,False,,0,0,0,
soarcn,,,,,False,,0,0,0,
jossmac,,,,,False,,0,0,0,
soyelmnd,,,,,False,,0,0,0,
jnothman,,,,,False,,0,0,0,
HamishMW,,,,,False,,0,0,0,
rodjek,,,,,False,,0,0,0,
tiagomatosweb,,,,,False,,0,0,0,
Hujjat,,,,,False,,0,0,0,
marionebl,,,,,False,,0,0,0,
andrekolodochka,,,,,False,,0,0,0,
runlevel5,,,,,False,,0,0,0,
kevin-lee,,,,,False,,0,0,0,
sachinruk,,,,,False,,0,0,0,
robin-dela,,,,,False,,0,0,0,
malcolmt,,,,,False,,0,0,0,
MajicDesigns,,,,,False,,0,0,0,
huxingyi,,,,,False,,0,0,0,
jarrodwatts,,,,,False,,0,0,0,
Z-Shang,,,,,False,,0,0,0,
vaibhavsagar,,,,,False,,0,0,0,
chewxy,,,,,False,,0,0,0,
anthonygore,,,,,False,,0,0,0,
mcauser,,,,,False,,0,0,0,
lvarayut,,,,,False,,0,0,0,
MewX,,,,,False,,0,0,0,
twang2218,,,,,False,,0,0,0,
pszklarska,,,,,False,,0,0,0,
1hakr,,,,,False,,0,0,0,
olebedev,,,,,False,,0,0,0,
ngot,,,,,False,,0,0,0,
SathyaBhat,,,,,False,,0,0,0,
ryanheise,,,,,False,,0,0,0,
ray-x,,,,,False,,0,0,0,
michaelsproul,,,,,False,,0,0,0,
45Drives,,,,,False,,0,0,0,
nosir,,,,,False,,0,0,0,
thushv89,,,,,False,,0,0,0,
lebinh,,,,,False,,0,0,0,
gloveboxes,,,,,False,,0,0,0,
itsdouges,,,,,False,,0,0,0,
ArjunAranetaCodes,,,,,False,,0,0,0,
Showfom,,,,,False,,0,0,0,
jesstelford,,,,,False,,0,0,0,
josephj,,,,,False,,0,0,0,
FagnerMartinsBrack,,,,,False,,0,0,0,
FedericoTartarini,,,,,False,,0,0,0,
kaievns,,,,,False,,0,0,0,
danieldelcore,,,,,False,,0,0,0,
yamadapc,,,,,False,,0,0,0,
alice,,,,,False,,0,0,0,
rikka0w0,,,,,False,,0,0,0,
ibigbug,,,,,False,,0,0,0,
duncanhunter,,,,,False,,0,0,0,
apkelly,,,,,False,,0,0,0,
lukakerr,,,,,False,,0,0,0,
sigp,,,,,False,,0,0,0,
Avangelista,,,,,False,,0,0,0,
kuz,,,,,False,,0,0,0,
pentestfunctions,,,,,False,,0,0,0,
gustavohenke,,,,,False,,0,0,0,
mikel,,,,,False,,0,0,0,
alessandrod,,,,,False,,0,0,0,
Moult,,,,,False,,0,0,0,
AlexStormwood,,,,,False,,0,0,0,
alexgurr,,,,,False,,0,0,0,
jshwi,,,,,False,,0,0,0,
bradwoods,,,,,False,,0,0,0,
stowball,,,,,False,,0,0,0,
h4m5t,,,,,False,,0,0,0,
mattray,,,,,False,,0,0,0,
ydkhatri,,,,,False,,0,0,0,
woolworthslimited,,,,,False,,0,0,0,
JizhiziLi,,,,,False,,0,0,0,
amaarora,,,,,False,,0,0,0,
Bluebie,,,,,False,,0,0,0,
amysimmons,,,,,False,,0,0,0,
unicar9,,,,,False,,0,0,0,
laurencei,,,,,False,,0,0,0,
laktek,,,,,False,,0,0,0,
EEVblog,,,,,False,,0,0,0,
donsbot,,,,,False,,0,0,0,
stanleyhuangyc,,,,,False,,0,0,0,
TokenScript,,,,,False,,0,0,0,
drsimonj,,,,,False,,0,0,0,
kring,,,,,False,,0,0,0,
unsw-edu-au,,,,,False,,0,0,0,
bigcommerce,,,,,False,,0,0,0,
cht8687,,,,,False,,0,0,0,
robbievanleeuwen,,,,,False,,0,0,0,
bennetthardwick,,,,,False,,0,0,0,
directorcia,,,,,False,,0,0,0,
randomaccess3,,,,,False,,0,0,0,
wileam,,,,,False,,0,0,0,
LesleyLai,,,,,False,,0,0,0,
slavaim,,,,,False,,0,0,0,
dwightwatson,,,,,False,,0,0,0,
walissoncom,,,,,False,,0,0,0,
CMCDragonkai,,,,,False,,0,0,0,
adamhannigan,,,,,False,,0,0,0,
rogchap,,,,,False,,0,0,0,
TomasBeuzen,,,,,False,,0,0,0,
bennyxguo,,,,,False,,0,0,0,
fwouts,,,,,False,,0,0,0,
davidlattimore,,,,,False,,0,0,0,
bensonruan,,,,,False,,0,0,0,
AgeManning,,,,,False,,0,0,0,
julapy,,,,,False,,0,0,0,
mikeyhodl,,,,,False,,0,0,0,
benfulcher,,,,,False,,0,0,0,
rid00z,,,,,False,,0,0,0,
mvandermeulen,,,,,False,,0,0,0,
greenlaw110,,,,,False,,0,0,0,
RomaTeng,,,,,False,,0,0,0,
abstractspoon,,,,,False,,0,0,0,
lifeparticle,,,,,False,,0,0,0,
tcharding,,,,,False,,0,0,0,
bberak,,,,,False,,0,0,0,
alphadl,,,,,False,,0,0,0,
he-y,,,,,False,,0,0,0,
Meligy,,,,,False,,0,0,0,
zcaudate,,,,,False,,0,0,0,
kvos,,,,,False,,0,0,0,
PinkyJie,,,,,False,,0,0,0,
zmdominguez,,,,,False,,0,0,0,
paulfioravanti,,,,,False,,0,0,0,
jimmo,,,,,False,,0,0,0,
vnik5287,,,,,False,,0,0,0,
Vercidium,,,,,False,,0,0,0,
naddison36,,,,,False,,0,0,0,
tuanvnguyen,,,,,False,,0,0,0,
jordwest,,,,,False,,0,0,0,
btnguyen2k,,,,,False,,0,0,0,
albertstill,,,,,False,,0,0,0,
modenaxe,,,,,False,,0,0,0,
nutboltu,,,,,False,,0,0,0,
timgates42,,,,,False,,0,0,0,
brendanmurty,,,,,False,,0,0,0,
RussKie,,,,,False,,0,0,0,
tmcgilchrist,,,,,False,,0,0,0,
enzyme69,,,,,False,,0,0,0,
jtblin,,,,,False,,0,0,0,
cxong,,,,,False,,0,0,0,
vicr123,,,,,False,,0,0,0,
mike-thompson-day8,,,,,False,,0,0,0,
benalexau,,,,,False,,0,0,0,
aussiearef,,,,,False,,0,0,0,
AlphaWallet,,,,,False,,0,0,0,
theojulienne,,,,,False,,0,0,0,
adevnadia,,,,,False,,0,0,0,
amitsaha,,,,,False,,0,0,0,
PedramMarandi,,,,,False,,0,0,0,
gavanlamb,,,,,False,,0,0,0,
cjdsellers,,,,,False,,0,0,0,
stennie,,,,,False,,0,0,0,
kfish,,,,,False,,0,0,0,
twalve,,,,,False,,0,0,0,
fourkbomb,,,,,False,,0,0,0,
neilfws,,,,,False,,0,0,0,
sarahmaddox,,,,,False,,0,0,0,
Gomah,,,,,False,,0,0,0,
andrewharvey,,,,,False,,0,0,0,
igas,,,,,False,,0,0,0,
SerCeMan,,,,,False,,0,0,0,
jamesray1,,,,,False,,0,0,0,
peterfinlan,,,,,False,,0,0,0,
russmaxdesign,,,,,False,,0,0,0,
w0ng,,,,,False,,0,0,0,
markhibberd,,,,,False,,0,0,0,
kyb3r,,,,,False,,0,0,0,
floraCodes,,,,,False,,0,0,0,
CassiusPacheco,,,,,False,,0,0,0,
malcolmgroves,,,,,False,,0,0,0,
auscompgeek,,,,,False,,0,0,0,
rizsotto,,,,,False,,0,0,0,
cjheath,,,,,False,,0,0,0,
atlassian-labs,,,,,False,,0,0,0,
nickw444,,,,,False,,0,0,0,
matt-goldman,,,,,False,,0,0,0,
theleoborges,,,,,False,,0,0,0,
pbos,,,,,False,,0,0,0,
leocaseiro,,,,,False,,0,0,0,
canva-public,,,,,False,,0,0,0,
mgreen27,,,,,False,,0,0,0,
SimplyWallSt,,,,,False,,0,0,0,
timchurches,,,,,False,,0,0,0,
justinmclean,,,,,False,,0,0,0,
jasonsreid,,,,,False,,0,0,0,
mzhaoshuai,,,,,False,,0,0,0,
sushil79g,,,,,False,,0,0,0,
vardius,,,,,False,,0,0,0,
Anyesh,,,,,False,,0,0,0,
JasonShin,,,,,False,,0,0,0,
arcwhite,,,,,False,,0,0,0,
gsklee,,,,,False,,0,0,0,
joshprice,,,,,False,,0,0,0,
rohitash-chandra,,,,,False,,0,0,0,
bjtu-lucas-nlp,,,,,False,,0,0,0,
stevecassidy,,,,,False,,0,0,0,
hunto,,,,,False,,0,0,0,
tristan-salles,,,,,False,,0,0,0,
danoli3,,,,,False,,0,0,0,
ryan-allen,,,,,False,,0,0,0,
JiaWu-Repository,,,,,False,,0,0,0,
davidbr4gg,,,,,False,,0,0,0,
taoshen58,,,,,False,,0,0,0,
JavascriptMick,,,,,False,,0,0,0,
wacky6,,,,,False,,0,0,0,
tfpk,,,,,False,,0,0,0,
gridbugs,,,,,False,,0,0,0,
ashquarky,,,,,False,,0,0,0,
KodingDev,,,,,False,,0,0,0,
mpwaller,,,,,False,,0,0,0,
maniksurtani,,,,,False,,0,0,0,
PaulWaltersDev,,,,,False,,0,0,0,
MaxwellBo,,,,,False,,0,0,0,
deansheather,,,,,False,,0,0,0,
dylanegan,,,,,False,,0,0,0,
rodolfoprr,,,,,False,,0,0,0,
Noviny,,,,,False,,0,0,0,
rueckstiess,,,,,False,,0,0,0,
david-cattermole,,,,,False,,0,0,0,
deerawan,,,,,False,,0,0,0,
kevinresol,,,,,False,,0,0,0,
mgiuca,,,,,False,,0,0,0,
thekevinbrown,,,,,False,,0,0,0,
featherbear,,,,,False,,0,0,0,
beauwilliams,,,,,False,,0,0,0,
alesya-h,,,,,False,,0,0,0,
NobodyXu,,,,,False,,0,0,0,
maacpiash,,,,,False,,0,0,0,
biancapower,,,,,False,,0,0,0,
JiashuWu,,,,,False,,0,0,0,
aullman,,,,,False,,0,0,0,
donggong1,,,,,False,,0,0,0,
xiaomengyc,,,,,False,,0,0,0,
davidsansome,,,,,False,,0,0,0,
guyecode,,,,,False,,0,0,0,
dkarunakaran,,,,,False,,0,0,0,
lsf37,,,,,False,,0,0,0,
toptensoftware,,,,,False,,0,0,0,
mitermayer,,,,,False,,0,0,0,
gsherwood,,,,,False,,0,0,0,
terrywang,,,,,False,,0,0,0,
gscales,,,,,False,,0,0,0,
damncabbage,,,,,False,,0,0,0,
bradleyayers,,,,,False,,0,0,0,
hemantasapkota,,,,,False,,0,0,0,
robinst,,,,,False,,0,0,0,
brinlyau,,,,,False,,0,0,0,
physwizz,,,,,False,,0,0,0,
jacobsa,,,,,False,,0,0,0,
hayyyyyyden,,,,,False,,0,0,0,
haxormad,,,,,False,,0,0,0,
Lou-Flan,,,,,False,,0,0,0,
dfalster,,,,,False,,0,0,0,
andersonaguiar,,,,,False,,0,0,0,
trulyspinach,,,,,False,,0,0,0,
benl23x5,,,,,False,,0,0,0,
ozbillwang,,,,,False,,0,0,0,
donnaskiez,,,,,False,,0,0,0,
nclarx,,,,,False,,0,0,0,
phamquiluan,,,,,False,,0,0,0,
davidbanham,,,,,False,,0,0,0,
lvzongting,,,,,False,,0,0,0,
chriswrightdesign,,,,,False,,0,0,0,
szdc,,,,,False,,0,0,0,
dcutting,,,,,False,,0,0,0,
chrisosaurus,,,,,False,,0,0,0,
nalbion,,,,,False,,0,0,0,
YanhaoZhang,,,,,False,,0,0,0,
tresacton,,,,,False,,0,0,0,
jsscclr,,,,,False,,0,0,0,
mhutchie,,,,,False,,0,0,0,
daobilige-su,,,,,False,,0,0,0,
iam-mhaseeb,,,,,False,,0,0,0,
Thinkmill,,,,,False,,0,0,0,
iamteem,,,,,False,,0,0,0,
maxious,,,,,False,,0,0,0,
vrthra,,,,,False,,0,0,0,
drbinliang,,,,,False,,0,0,0,
SiddAjmera,,,,,False,,0,0,0,
jordaneremieff,,,,,False,,0,0,0,
wilsonzlin,,,,,False,,0,0,0,
tbillington,,,,,False,,0,0,0,
delitescere,,,,,False,,0,0,0,
np1,,,,,False,,0,0,0,
zhuangqh,,,,,False,,0,0,0,
felipetavares,,,,,False,,0,0,0,
rhoml,,,,,False,,0,0,0,
noisysocks,,,,,False,,0,0,0,
pawanrawal,,,,,False,,0,0,0,
pinkforest,,,,,False,,0,0,0,
DanyMariaLee,,,,,False,,0,0,0,
shimmyshimmer,,,,,False,,0,0,0,
diegogarciahuerta,,,,,False,,0,0,0,
RobinDong,,,,,False,,0,0,0,
danmackinlay,,,,,False,,0,0,0,
mjbamford,,,,,False,,0,0,0,
XertroV,,,,,False,,0,0,0,
RickyDivjakovski,,,,,False,,0,0,0,
encryptededdy,,,,,False,,0,0,0,
freshtonic,,,,,False,,0,0,0,
jkkummerfeld,,,,,False,,0,0,0,
kiddkai,,,,,False,,0,0,0,
lihini223,,,,,False,,0,0,0,
kurisubrooks,,,,,False,,0,0,0,
ftsf,,,,,False,,0,0,0,
dhowden,,,,,False,,0,0,0,
peterboyer,,,,,False,,0,0,0,
tomitrescak,,,,,False,,0,0,0,
chadluo,,,,,False,,0,0,0,
